Country,impVal,continent,detail_impVal,usummary_impVal,summary_impVal,sector_impVal,detail_difference,detail_pct_difference,usummary_difference,usummary_pct_difference,summary_difference,summary_pct_difference,sector_difference,sector_pct_difference
Afghanistan,22588359.0,Asia,22588359.0,22588359.0,22588359.0,22588359.0,0.0,0.0,0.0,0.0,0.0,0.0,0.0,0.0
Bahrain,1204340922.0,Asia,1204340922.0,1204340922.0,1204340922.0,1204340922.0,0.0,0.0,0.0,0.0,0.0,0.0,0.0,0.0
Bangladesh,8365766327.0,Asia,8365766327.0,8365766327.0,8365766327.0,8365766327.0,0.0,0.0,0.0,0.0,0.0,0.0,0.0,0.0
Bhutan,3281048.0,Asia,3281048.0,3281048.0,3281048.0,3281048.0,0.0,0.0,0.0,0.0,0.0,0.0,0.0,0.0
Brunei,238849306.0,Asia,238849306.0,238849306.0,238849306.0,238849306.0,0.0,0.0,0.0,0.0,0.0,0.0,0.0,0.0
Burma,656460945.0,Asia,656460945.0,656460945.0,656460945.0,656460945.0,0.0,0.0,0.0,0.0,0.0,0.0,0.0,0.0
Cambodia,12661806815.0,Asia,12661806815.0,12661806815.0,12661806815.0,12661806815.0,0.0,0.0,0.0,0.0,0.0,0.0,0.0,0.0
China,438947386145.0,Asia,438947386145.0,438947386145.0,438947386145.0,438947386145.0,0.0,0.0,0.0,0.0,0.0,0.0,0.0,0.0
Gaza Strip Administered by Israel,204870.0,Asia,204870.0,204870.0,204870.0,204870.0,0.0,0.0,0.0,0.0,0.0,0.0,0.0,0.0
Hong Kong,5972900454.0,Asia,5972900454.0,5972900454.0,5972900454.0,5972900454.0,0.0,0.0,0.0,0.0,0.0,0.0,0.0,0.0
India,87416448578.0,Asia,87416448578.0,87416448578.0,87416448578.0,87416448578.0,0.0,0.0,0.0,0.0,0.0,0.0,0.0,0.0
Indonesia,28084737884.0,Asia,28084737884.0,28084737884.0,28084737884.0,28084737884.0,0.0,0.0,0.0,0.0,0.0,0.0,0.0,0.0
Iran,6218491.0,Asia,6218491.0,6218491.0,6218491.0,6218491.0,0.0,0.0,0.0,0.0,0.0,0.0,0.0,0.0
Iraq,7422275381.0,Asia,7422275381.0,7422275381.0,7422275381.0,7422275381.0,0.0,0.0,0.0,0.0,0.0,0.0,0.0,0.0
Israel,22217484849.0,Asia,22217484849.0,22217484849.0,22217484849.0,22217484849.0,0.0,0.0,0.0,0.0,0.0,0.0,0.0,0.0
Japan,148208566623.0,Asia,148208566623.0,148208566623.0,148208566623.0,148208566623.0,0.0,0.0,0.0,0.0,0.0,0.0,0.0,0.0
Jordan,3364877293.0,Asia,3364877293.0,3364877293.0,3364877293.0,3364877293.0,0.0,0.0,0.0,0.0,0.0,0.0,0.0,0.0
"Korea, North",57465.0,Asia,57465.0,57465.0,57465.0,57465.0,0.0,0.0,0.0,0.0,0.0,0.0,0.0,0.0
"Korea, South",131549187120.0,Asia,131549187120.0,131549187120.0,131549187120.0,131549187120.0,0.0,0.0,0.0,0.0,0.0,0.0,0.0,0.0
Kuwait,1643605750.0,Asia,1643605750.0,1643605750.0,1643605750.0,1643605750.0,0.0,0.0,0.0,0.0,0.0,0.0,0.0,0.0
Laos,803320155.0,Asia,803320155.0,803320155.0,803320155.0,803320155.0,0.0,0.0,0.0,0.0,0.0,0.0,0.0,0.0
Lebanon,257571987.0,Asia,257571987.0,257571987.0,257571987.0,257571987.0,0.0,0.0,0.0,0.0,0.0,0.0,0.0,0.0
Macau,108792661.0,Asia,108792661.0,108792661.0,108792661.0,108792661.0,0.0,0.0,0.0,0.0,0.0,0.0,0.0,0.0
Malaysia,52534847955.0,Asia,52534847955.0,52534847955.0,52534847955.0,52534847955.0,0.0,0.0,0.0,0.0,0.0,0.0,0.0,0.0
Maldives,4765289.0,Asia,4765289.0,4765289.0,4765289.0,4765289.0,0.0,0.0,0.0,0.0,0.0,0.0,0.0,0.0
Mongolia,26977440.0,Asia,26977440.0,26977440.0,26977440.0,26977440.0,0.0,0.0,0.0,0.0,0.0,0.0,0.0,0.0
Nepal,120461589.0,Asia,120461589.0,120461589.0,120461589.0,120461589.0,0.0,0.0,0.0,0.0,0.0,0.0,0.0,0.0
Oman,1319991529.0,Asia,1319991529.0,1319991529.0,1319991529.0,1319991529.0,0.0,0.0,0.0,0.0,0.0,0.0,0.0,0.0
Pakistan,5123656160.0,Asia,5123656160.0,5123656160.0,5123656160.0,5123656160.0,0.0,0.0,0.0,0.0,0.0,0.0,0.0,0.0
Philippines,14177628116.0,Asia,14177628116.0,14177628116.0,14177628116.0,14177628116.0,0.0,0.0,0.0,0.0,0.0,0.0,0.0,0.0
Qatar,1834185727.0,Asia,1834185727.0,1834185727.0,1834185727.0,1834185727.0,0.0,0.0,0.0,0.0,0.0,0.0,0.0,0.0
Saudi Arabia,12733725159.0,Asia,12733725159.0,12733725159.0,12733725159.0,12733725159.0,0.0,0.0,0.0,0.0,0.0,0.0,0.0,0.0
Singapore,43203722903.0,Asia,43203722903.0,43203722903.0,43203722903.0,43203722903.0,0.0,0.0,0.0,0.0,0.0,0.0,0.0,0.0
Sri Lanka,3015585462.0,Asia,3015585462.0,3015585462.0,3015585462.0,3015585462.0,0.0,0.0,0.0,0.0,0.0,0.0,0.0,0.0
Syria,21302936.0,Asia,21302936.0,21302936.0,21302936.0,21302936.0,0.0,0.0,0.0,0.0,0.0,0.0,0.0,0.0
Taiwan,116264026887.0,Asia,116264026887.0,116264026887.0,116264026887.0,116264026887.0,0.0,0.0,0.0,0.0,0.0,0.0,0.0,0.0
Thailand,63328180222.0,Asia,63328180222.0,63328180222.0,63328180222.0,63328180222.0,0.0,0.0,0.0,0.0,0.0,0.0,0.0,0.0
Timor-Leste,5912676.0,Asia,5912676.0,5912676.0,5912676.0,5912676.0,0.0,0.0,0.0,0.0,0.0,0.0,0.0,0.0
United Arab Emirates,7474432624.0,Asia,7474432624.0,7474432624.0,7474432624.0,7474432624.0,0.0,0.0,0.0,0.0,0.0,0.0,0.0,0.0
Vietnam,136561155809.0,Asia,136561155809.0,136561155809.0,136561155809.0,136561155809.0,0.0,0.0,0.0,0.0,0.0,0.0,0.0,0.0
West Bank Administered by Israel,5998891.0,Asia,5998891.0,5998891.0,5998891.0,5998891.0,0.0,0.0,0.0,0.0,0.0,0.0,0.0,0.0
Yemen,8915258.0,Asia,8915258.0,8915258.0,8915258.0,8915258.0,0.0,0.0,0.0,0.0,0.0,0.0,0.0,0.0
Albania,128280409.0,Europe,128280409.0,128280409.0,128280409.0,128280409.0,0.0,0.0,0.0,0.0,0.0,0.0,0.0,0.0
Andorra,3369249.0,Europe,3369249.0,3369249.0,3369249.0,3369249.0,0.0,0.0,0.0,0.0,0.0,0.0,0.0,0.0
Armenia,121583116.0,Europe,121583116.0,121583116.0,121583116.0,121583116.0,0.0,0.0,0.0,0.0,0.0,0.0,0.0,0.0
Austria,17572012829.0,Europe,17572012829.0,17572012829.0,17572012829.0,17572012829.0,0.0,0.0,0.0,0.0,0.0,0.0,0.0,0.0
Azerbaijan,157776472.0,Europe,157776472.0,157776472.0,157776472.0,157776472.0,0.0,0.0,0.0,0.0,0.0,0.0,0.0,0.0
Belarus,20048973.0,Europe,20048973.0,20048973.0,20048973.0,20048973.0,0.0,0.0,0.0,0.0,0.0,0.0,0.0,0.0
Belgium,27849850475.0,Europe,27849850475.0,27849850475.0,27849850475.0,27849850475.0,0.0,0.0,0.0,0.0,0.0,0.0,0.0,0.0
Bosnia and Herzegovina,179089584.0,Europe,179089584.0,179089584.0,179089584.0,179089584.0,0.0,0.0,0.0,0.0,0.0,0.0,0.0,0.0
Bulgaria,1490134155.0,Europe,1490134155.0,1490134155.0,1490134155.0,1490134155.0,0.0,0.0,0.0,0.0,0.0,0.0,0.0,0.0
Croatia,1000870837.0,Europe,1000870837.0,1000870837.0,1000870837.0,1000870837.0,0.0,0.0,0.0,0.0,0.0,0.0,0.0,0.0
Cyprus,58860309.0,Europe,58860309.0,58860309.0,58860309.0,58860309.0,0.0,0.0,0.0,0.0,0.0,0.0,0.0,0.0
Czech Republic,8081908339.0,Europe,8081908339.0,8081908339.0,8081908339.0,8081908339.0,0.0,0.0,0.0,0.0,0.0,0.0,0.0,0.0
Denmark,10040422224.0,Europe,10040422224.0,10040422224.0,10040422224.0,10040422224.0,0.0,0.0,0.0,0.0,0.0,0.0,0.0,0.0
Estonia,1065403980.0,Europe,1065403980.0,1065403980.0,1065403980.0,1065403980.0,0.0,0.0,0.0,0.0,0.0,0.0,0.0,0.0
Faroe Islands,249452532.0,Europe,249452532.0,249452532.0,249452532.0,249452532.0,0.0,0.0,0.0,0.0,0.0,0.0,0.0,0.0
Finland,8029516710.0,Europe,8029516710.0,8029516710.0,8029516710.0,8029516710.0,0.0,0.0,0.0,0.0,0.0,0.0,0.0,0.0
France,59903267951.0,Europe,59903267951.0,59903267951.0,59903267951.0,59903267951.0,0.0,0.0,0.0,0.0,0.0,0.0,0.0,0.0
Georgia,165414171.0,Europe,165414171.0,165414171.0,165414171.0,165414171.0,0.0,0.0,0.0,0.0,0.0,0.0,0.0,0.0
Germany,160436547928.0,Europe,160436547928.0,160436547928.0,160436547928.0,160436547928.0,0.0,0.0,0.0,0.0,0.0,0.0,0.0,0.0
Gibraltar,431179.0,Europe,431179.0,431179.0,431179.0,431179.0,0.0,0.0,0.0,0.0,0.0,0.0,0.0,0.0
Greece,2243610292.0,Europe,2243610292.0,2243610292.0,2243610292.0,2243610292.0,0.0,0.0,0.0,0.0,0.0,0.0,0.0,0.0
Hungary,12703931455.0,Europe,12703931455.0,12703931455.0,12703931455.0,12703931455.0,0.0,0.0,0.0,0.0,0.0,0.0,0.0,0.0
Iceland,1072626837.0,Europe,1072626837.0,1072626837.0,1072626837.0,1072626837.0,0.0,0.0,0.0,0.0,0.0,0.0,0.0,0.0
Ireland,103286253424.0,Europe,103286253424.0,103286253424.0,103286253424.0,103286253424.0,0.0,0.0,0.0,0.0,0.0,0.0,0.0,0.0
Italy,76366488191.0,Europe,76366488191.0,76366488191.0,76366488191.0,76366488191.0,0.0,0.0,0.0,0.0,0.0,0.0,0.0,0.0
Kazakhstan,2330749420.0,Europe,2330749420.0,2330749420.0,2330749420.0,2330749420.0,0.0,0.0,0.0,0.0,0.0,0.0,0.0,0.0
Kosovo,34015946.0,Europe,34015946.0,34015946.0,34015946.0,34015946.0,0.0,0.0,0.0,0.0,0.0,0.0,0.0,0.0
Kyrgyzstan,16668370.0,Europe,16668370.0,16668370.0,16668370.0,16668370.0,0.0,0.0,0.0,0.0,0.0,0.0,0.0,0.0
Latvia,630724805.0,Europe,630724805.0,630724805.0,630724805.0,630724805.0,0.0,0.0,0.0,0.0,0.0,0.0,0.0,0.0
Liechtenstein,243720520.0,Europe,243720520.0,243720520.0,243720520.0,243720520.0,0.0,0.0,0.0,0.0,0.0,0.0,0.0,0.0
Lithuania,2011564192.0,Europe,2011564192.0,2011564192.0,2011564192.0,2011564192.0,0.0,0.0,0.0,0.0,0.0,0.0,0.0,0.0
Luxembourg,698625976.0,Europe,698625976.0,698625976.0,698625976.0,698625976.0,0.0,0.0,0.0,0.0,0.0,0.0,0.0,0.0
Macedonia,173710793.0,Europe,173710793.0,173710793.0,173710793.0,173710793.0,0.0,0.0,0.0,0.0,0.0,0.0,0.0,0.0
Malta,220446394.0,Europe,220446394.0,220446394.0,220446394.0,220446394.0,0.0,0.0,0.0,0.0,0.0,0.0,0.0,0.0
Moldova,136495167.0,Europe,136495167.0,136495167.0,136495167.0,136495167.0,0.0,0.0,0.0,0.0,0.0,0.0,0.0,0.0
Monaco,47589664.0,Europe,47589664.0,47589664.0,47589664.0,47589664.0,0.0,0.0,0.0,0.0,0.0,0.0,0.0,0.0
Montenegro,15382306.0,Europe,15382306.0,15382306.0,15382306.0,15382306.0,0.0,0.0,0.0,0.0,0.0,0.0,0.0,0.0
Netherlands,34132810238.0,Europe,34132810238.0,34132810238.0,34132810238.0,34132810238.0,0.0,0.0,0.0,0.0,0.0,0.0,0.0,0.0
Norway,6583334170.0,Europe,6583334170.0,6583334170.0,6583334170.0,6583334170.0,0.0,0.0,0.0,0.0,0.0,0.0,0.0,0.0
Poland,13688367070.0,Europe,13688367070.0,13688367070.0,13688367070.0,13688367070.0,0.0,0.0,0.0,0.0,0.0,0.0,0.0,0.0
Portugal,6588956258.0,Europe,6588956258.0,6588956258.0,6588956258.0,6588956258.0,0.0,0.0,0.0,0.0,0.0,0.0,0.0,0.0
Romania,3905012813.0,Europe,3905012813.0,3905012813.0,3905012813.0,3905012813.0,0.0,0.0,0.0,0.0,0.0,0.0,0.0,0.0
Russia,3007500456.0,Europe,3007500456.0,3007500456.0,3007500456.0,3007500456.0,0.0,0.0,0.0,0.0,0.0,0.0,0.0,0.0
San Marino,25233029.0,Europe,25233029.0,25233029.0,25233029.0,25233029.0,0.0,0.0,0.0,0.0,0.0,0.0,0.0,0.0
Serbia,814350544.0,Europe,814350544.0,814350544.0,814350544.0,814350544.0,0.0,0.0,0.0,0.0,0.0,0.0,0.0,0.0
Slovakia,8187354597.0,Europe,8187354597.0,8187354597.0,8187354597.0,8187354597.0,0.0,0.0,0.0,0.0,0.0,0.0,0.0,0.0
Slovenia,6293037940.0,Europe,6293037940.0,6293037940.0,6293037940.0,6293037940.0,0.0,0.0,0.0,0.0,0.0,0.0,0.0,0.0
Spain,21278741242.0,Europe,21278741242.0,21278741242.0,21278741242.0,21278741242.0,0.0,0.0,0.0,0.0,0.0,0.0,0.0,0.0
"Svalbard, Jan Mayen Island",41855.0,Europe,41855.0,41855.0,41855.0,41855.0,0.0,0.0,0.0,0.0,0.0,0.0,0.0,0.0
Sweden,17995672668.0,Europe,17995672668.0,17995672668.0,17995672668.0,17995672668.0,0.0,0.0,0.0,0.0,0.0,0.0,0.0,0.0
Switzerland,63425318602.0,Europe,63425318602.0,63425318602.0,63425318602.0,63425318602.0,0.0,0.0,0.0,0.0,0.0,0.0,0.0,0.0
Tajikistan,4633938.0,Europe,4633938.0,4633938.0,4633938.0,4633938.0,0.0,0.0,0.0,0.0,0.0,0.0,0.0,0.0
Turkey,16745664057.0,Europe,16745664057.0,16745664057.0,16745664057.0,16745664057.0,0.0,0.0,0.0,0.0,0.0,0.0,0.0,0.0
Turkmenistan,14590585.0,Europe,14590585.0,14590585.0,14590585.0,14590585.0,0.0,0.0,0.0,0.0,0.0,0.0,0.0,0.0
Ukraine,1186498293.0,Europe,1186498293.0,1186498293.0,1186498293.0,1186498293.0,0.0,0.0,0.0,0.0,0.0,0.0,0.0,0.0
United Kingdom,68084468332.0,Europe,68084468332.0,68084468332.0,68084468332.0,68084468332.0,0.0,0.0,0.0,0.0,0.0,0.0,0.0,0.0
Uzbekistan,42437585.0,Europe,42437585.0,42437585.0,42437585.0,42437585.0,0.0,0.0,0.0,0.0,0.0,0.0,0.0,0.0
Vatican City,170599.0,Europe,170599.0,170599.0,170599.0,170599.0,0.0,0.0,0.0,0.0,0.0,0.0,0.0,0.0
Canada,412695719877.0,North America,412695719877.0,412695719877.0,412695719877.0,412695719877.0,0.0,0.0,0.0,0.0,0.0,0.0,0.0,0.0
Greenland,32585481.0,North America,32585481.0,32585481.0,32585481.0,32585481.0,0.0,0.0,0.0,0.0,0.0,0.0,0.0,0.0
Mexico,505850598583.0,North America,505850598583.0,505850598583.0,505850598583.0,505850598583.0,0.0,0.0,0.0,0.0,0.0,0.0,0.0,0.0
St Pierre and Miquelon,3435723.0,North America,3435723.0,3435723.0,3435723.0,3435723.0,0.0,0.0,0.0,0.0,0.0,0.0,0.0,0.0
Anguilla,1190598.0,South America,1190598.0,1190598.0,1190598.0,1190598.0,0.0,0.0,0.0,0.0,0.0,0.0,0.0,0.0
Antigua and Barbuda,23751550.0,South America,23751550.0,23751550.0,23751550.0,23751550.0,0.0,0.0,0.0,0.0,0.0,0.0,0.0,0.0
Argentina,7092161169.0,South America,7092161169.0,7092161169.0,7092161169.0,7092161169.0,0.0,0.0,0.0,0.0,0.0,0.0,0.0,0.0
Aruba,10704668.0,South America,10704668.0,10704668.0,10704668.0,10704668.0,0.0,0.0,0.0,0.0,0.0,0.0,0.0,0.0
Bahamas,1792373019.0,South America,1792373019.0,1792373019.0,1792373019.0,1792373019.0,0.0,0.0,0.0,0.0,0.0,0.0,0.0,0.0
Barbados,48564639.0,South America,48564639.0,48564639.0,48564639.0,48564639.0,0.0,0.0,0.0,0.0,0.0,0.0,0.0,0.0
Belize,81128498.0,South America,81128498.0,81128498.0,81128498.0,81128498.0,0.0,0.0,0.0,0.0,0.0,0.0,0.0,0.0
Bermuda,23328268.0,South America,23328268.0,23328268.0,23328268.0,23328268.0,0.0,0.0,0.0,0.0,0.0,0.0,0.0,0.0
Bolivia,504146695.0,South America,504146695.0,504146695.0,504146695.0,504146695.0,0.0,0.0,0.0,0.0,0.0,0.0,0.0,0.0
Brazil,42316323621.0,South America,42316323621.0,42316323621.0,42316323621.0,42316323621.0,0.0,0.0,0.0,0.0,0.0,0.0,0.0,0.0
British Virgin Islands,60246807.0,South America,60246807.0,60246807.0,60246807.0,60246807.0,0.0,0.0,0.0,0.0,0.0,0.0,0.0,0.0
Cayman Islands,49399550.0,South America,49399550.0,49399550.0,49399550.0,49399550.0,0.0,0.0,0.0,0.0,0.0,0.0,0.0,0.0
Chile,16469479956.0,South America,16469479956.0,16469479956.0,16469479956.0,16469479956.0,0.0,0.0,0.0,0.0,0.0,0.0,0.0,0.0
Colombia,17690348963.0,South America,17690348963.0,17690348963.0,17690348963.0,17690348963.0,0.0,0.0,0.0,0.0,0.0,0.0,0.0,0.0
Costa Rica,11634905331.0,South America,11634905331.0,11634905331.0,11634905331.0,11634905331.0,0.0,0.0,0.0,0.0,0.0,0.0,0.0,0.0
Cuba,4869872.0,South America,4869872.0,4869872.0,4869872.0,4869872.0,0.0,0.0,0.0,0.0,0.0,0.0,0.0,0.0
Curacao,31935945.0,South America,31935945.0,31935945.0,31935945.0,31935945.0,0.0,0.0,0.0,0.0,0.0,0.0,0.0,0.0
Dominica,2306195.0,South America,2306195.0,2306195.0,2306195.0,2306195.0,0.0,0.0,0.0,0.0,0.0,0.0,0.0,0.0
Dominican Republic,7505430838.0,South America,7505430838.0,7505430838.0,7505430838.0,7505430838.0,0.0,0.0,0.0,0.0,0.0,0.0,0.0,0.0
Ecuador,8524306263.0,South America,8524306263.0,8524306263.0,8524306263.0,8524306263.0,0.0,0.0,0.0,0.0,0.0,0.0,0.0,0.0
El Salvador,2311212791.0,South America,2311212791.0,2311212791.0,2311212791.0,2311212791.0,0.0,0.0,0.0,0.0,0.0,0.0,0.0,0.0
Falkland Islands (Islas Malvinas),22756661.0,South America,22756661.0,22756661.0,22756661.0,22756661.0,0.0,0.0,0.0,0.0,0.0,0.0,0.0,0.0
French Guiana,1821129.0,South America,1821129.0,1821129.0,1821129.0,1821129.0,0.0,0.0,0.0,0.0,0.0,0.0,0.0,0.0
Grenada,14074818.0,South America,14074818.0,14074818.0,14074818.0,14074818.0,0.0,0.0,0.0,0.0,0.0,0.0,0.0,0.0
Guadeloupe,3427661.0,South America,3427661.0,3427661.0,3427661.0,3427661.0,0.0,0.0,0.0,0.0,0.0,0.0,0.0,0.0
Guatemala,5019892412.0,South America,5019892412.0,5019892412.0,5019892412.0,5019892412.0,0.0,0.0,0.0,0.0,0.0,0.0,0.0,0.0
Guyana,5375488660.0,South America,5375488660.0,5375488660.0,5375488660.0,5375488660.0,0.0,0.0,0.0,0.0,0.0,0.0,0.0,0.0
Haiti,616770785.0,South America,616770785.0,616770785.0,616770785.0,616770785.0,0.0,0.0,0.0,0.0,0.0,0.0,0.0,0.0
Honduras,5532561721.0,South America,5532561721.0,5532561721.0,5532561721.0,5532561721.0,0.0,0.0,0.0,0.0,0.0,0.0,0.0,0.0
Jamaica,361372579.0,South America,361372579.0,361372579.0,361372579.0,361372579.0,0.0,0.0,0.0,0.0,0.0,0.0,0.0,0.0
Martinique,2807758.0,South America,2807758.0,2807758.0,2807758.0,2807758.0,0.0,0.0,0.0,0.0,0.0,0.0,0.0,0.0
Montserrat,5631794.0,South America,5631794.0,5631794.0,5631794.0,5631794.0,0.0,0.0,0.0,0.0,0.0,0.0,0.0,0.0
Nicaragua,4622325539.0,South America,4622325539.0,4622325539.0,4622325539.0,4622325539.0,0.0,0.0,0.0,0.0,0.0,0.0,0.0,0.0
Panama,555820472.0,South America,555820472.0,555820472.0,555820472.0,555820472.0,0.0,0.0,0.0,0.0,0.0,0.0,0.0,0.0
Paraguay,356152957.0,South America,356152957.0,356152957.0,356152957.0,356152957.0,0.0,0.0,0.0,0.0,0.0,0.0,0.0,0.0
Peru,9363192761.0,South America,9363192761.0,9363192761.0,9363192761.0,9363192761.0,0.0,0.0,0.0,0.0,0.0,0.0,0.0,0.0
Sint Maarten,101535218.0,South America,101535218.0,101535218.0,101535218.0,101535218.0,0.0,0.0,0.0,0.0,0.0,0.0,0.0,0.0
St Kitts and Nevis,19629242.0,South America,19629242.0,19629242.0,19629242.0,19629242.0,0.0,0.0,0.0,0.0,0.0,0.0,0.0,0.0
St Lucia,6955920.0,South America,6955920.0,6955920.0,6955920.0,6955920.0,0.0,0.0,0.0,0.0,0.0,0.0,0.0,0.0
St Vincent and the Grenadines,8263880.0,South America,8263880.0,8263880.0,8263880.0,8263880.0,0.0,0.0,0.0,0.0,0.0,0.0,0.0,0.0
Suriname,90913410.0,South America,90913410.0,90913410.0,90913410.0,90913410.0,0.0,0.0,0.0,0.0,0.0,0.0,0.0,0.0
Trinidad and Tobago,3325877971.0,South America,3325877971.0,3325877971.0,3325877971.0,3325877971.0,0.0,0.0,0.0,0.0,0.0,0.0,0.0,0.0
Turks and Caicos Islands,10983629.0,South America,10983629.0,10983629.0,10983629.0,10983629.0,0.0,0.0,0.0,0.0,0.0,0.0,0.0,0.0
Uruguay,1228834152.0,South America,1228834152.0,1228834152.0,1228834152.0,1228834152.0,0.0,0.0,0.0,0.0,0.0,0.0,0.0,0.0
Venezuela,5987862777.0,South America,5987862777.0,5987862777.0,5987862777.0,5987862777.0,0.0,0.0,0.0,0.0,0.0,0.0,0.0,0.0
Australia,16685509840.0,Oceana,16685509840.0,16685509840.0,16685509840.0,16685509840.0,0.0,0.0,0.0,0.0,0.0,0.0,0.0,0.0
Christmas Island,1747242.0,Oceana,1747242.0,1747242.0,1747242.0,1747242.0,0.0,0.0,0.0,0.0,0.0,0.0,0.0,0.0
Cocos (Keeling) Islands,1100644.0,Oceana,1100644.0,1100644.0,1100644.0,1100644.0,0.0,0.0,0.0,0.0,0.0,0.0,0.0,0.0
Cook Islands,892119.0,Oceana,892119.0,892119.0,892119.0,892119.0,0.0,0.0,0.0,0.0,0.0,0.0,0.0,0.0
Fiji,259272473.0,Oceana,259272473.0,259272473.0,259272473.0,259272473.0,0.0,0.0,0.0,0.0,0.0,0.0,0.0,0.0
French Polynesia,40423270.0,Oceana,40423270.0,40423270.0,40423270.0,40423270.0,0.0,0.0,0.0,0.0,0.0,0.0,0.0,0.0
Heard and McDonald Islands,13589.0,Oceana,13589.0,13589.0,13589.0,13589.0,0.0,0.0,0.0,0.0,0.0,0.0,0.0,0.0
Kiribati,808162.0,Oceana,808162.0,808162.0,808162.0,808162.0,0.0,0.0,0.0,0.0,0.0,0.0,0.0,0.0
Marshall Islands,20448963.0,Oceana,20448963.0,20448963.0,20448963.0,20448963.0,0.0,0.0,0.0,0.0,0.0,0.0,0.0,0.0
Micronesia,2440090.0,Oceana,2440090.0,2440090.0,2440090.0,2440090.0,0.0,0.0,0.0,0.0,0.0,0.0,0.0,0.0
Nauru,2238924.0,Oceana,2238924.0,2238924.0,2238924.0,2238924.0,0.0,0.0,0.0,0.0,0.0,0.0,0.0,0.0
New Caledonia,33844904.0,Oceana,33844904.0,33844904.0,33844904.0,33844904.0,0.0,0.0,0.0,0.0,0.0,0.0,0.0,0.0
New Zealand,5617042562.0,Oceana,5617042562.0,5617042562.0,5617042562.0,5617042562.0,0.0,0.0,0.0,0.0,0.0,0.0,0.0,0.0
Niue,4322244.0,Oceana,4322244.0,4322244.0,4322244.0,4322244.0,0.0,0.0,0.0,0.0,0.0,0.0,0.0,0.0
Norfolk Island,191165.0,Oceana,191165.0,191165.0,191165.0,191165.0,0.0,0.0,0.0,0.0,0.0,0.0,0.0,0.0
Palau,2234213.0,Oceana,2234213.0,2234213.0,2234213.0,2234213.0,0.0,0.0,0.0,0.0,0.0,0.0,0.0,0.0
Papua New Guinea,79150698.0,Oceana,79150698.0,79150698.0,79150698.0,79150698.0,0.0,0.0,0.0,0.0,0.0,0.0,0.0,0.0
Pitcairn Islands,9335.0,Oceana,9335.0,9335.0,9335.0,9335.0,0.0,0.0,0.0,0.0,0.0,0.0,0.0,0.0
Samoa,5717674.0,Oceana,5717674.0,5717674.0,5717674.0,5717674.0,0.0,0.0,0.0,0.0,0.0,0.0,0.0,0.0
Solomon Islands,1345899.0,Oceana,1345899.0,1345899.0,1345899.0,1345899.0,0.0,0.0,0.0,0.0,0.0,0.0,0.0,0.0
Tokelau,177585.0,Oceana,177585.0,177585.0,177585.0,177585.0,0.0,0.0,0.0,0.0,0.0,0.0,0.0,0.0
Tonga,2845246.0,Oceana,2845246.0,2845246.0,2845246.0,2845246.0,0.0,0.0,0.0,0.0,0.0,0.0,0.0,0.0
Tuvalu,224447.0,Oceana,224447.0,224447.0,224447.0,224447.0,0.0,0.0,0.0,0.0,0.0,0.0,0.0,0.0
Vanuatu,13667021.0,Oceana,13667021.0,13667021.0,13667021.0,13667021.0,0.0,0.0,0.0,0.0,0.0,0.0,0.0,0.0
Wallis and Futuna,39214.0,Oceana,39214.0,39214.0,39214.0,39214.0,0.0,0.0,0.0,0.0,0.0,0.0,0.0,0.0
